алма-ата	душанбе	857.3693383788252
алма-ата	иркутск	2267.38283399018
алма-ата	казань	2419.2912677977097
алма-ата	киев	3567.8565818977127
алма-ата	ленинград	1455.0285130398472
алма-ата	минск	3745.55203663745
алма-ата	москва	3114.7029857208117
алма-ата	свердловск	1902.9120628716246
алма-ата	ташкент	664.6701496657446
архангельск	александровск	1778.66107091112
архангельск	астрахань	2076.7905442048914
архангельск	бийск	2844.144555470502
архангельск	владивосток	5846.604684276152
архангельск	вологда	594.2976001016731
архангельск	дудинка	2012.108174525303
архангельск	иркутск	3775.0183287748514
архангельск	кемь	287.7297034532979
архангельск	ленинград	2684.255851963175
архангельск	москва	992.6523478814515
архангельск	мурманск	592.2980093766917
архангельск	новороссийск	2212.845970213352
архангельск	одесса	2097.926281156966
архангельск	охотск	4823.774806370682
архангельск	пермь	1107.7897207488245
архангельск	печора	681.4620843595364
архангельск	симферополь	2217.087163060898
архангельск	тобольск	1624.1817681178622
архангельск	тюмень	1573.691057206218
архангельск	унжа	746.3961756296827
архангельск	хабаровск	5487.642254475246
архангельск	херсон	2050.041094428842
архангельск	якутск	4112.575323238028
астрахань	азов	663.4558209532972
астрахань	алексин	1192.869041576518
астрахань	архангельск	2076.790544204891
астрахань	вологда	1531.0577316900776
астрахань	воронеж	873.1863015527592
астрахань	кагальник	670.5742137461406
астрахань	казань	1050.022229559717
астрахань	камышин	458.42202412006395
астрахань	каспий	41.585941745158756
астрахань	литва	1966.4513591259538
астрахань	мстиславль	1437.815212563171
астрахань	павлодар	2187.7867426410153
астрахань	псков	1844.9460605983666
астрахань	путивль	1175.2711924796708
астрахань	рыбинск	1442.7760835514882
астрахань	рязань	1096.8663375311162
астрахань	самара	776.2884556330291
астрахань	саратов	594.300881930948
астрахань	свияжск	1049.0762553862985
астрахань	синбирск	6942.159659233897
астрахань	ставрополь	493.8562800689347
астрахань	тверь	1434.5734592866652
астрахань	тохтамыш	2382.2250497618097
астрахань	херсон	1182.9612863946736
варшава	белосток	176.71105304993134
варшава	берлин	519.5296721545164
варшава	берн	1140.0947960374506
варшава	будапешт	545.087520916254
варшава	вильно	393.99578644721055
варшава	германия	742.7322360147548
варшава	житомир	577.9166276140774
варшава	кенигсберг	1045.1980817549438
варшава	киев	691.586978029807
варшава	константинополь	1386.4760538970593
варшава	краков	252.7463563183987
варшава	ленинград	3007.1944410807955
варшава	лондон	1452.7341259669895
варшава	минск	476.8847323270889
варшава	могилев	1024.2217681982177
варшава	москва	1154.3278182752895
варшава	одесса	951.2854781179992
варшава	париж	1370.2506195667838
варшава	петербург	2575.1091727573216
варшава	петроград	2732.1314593060224
варшава	польша	136.36055372193889
варшава	прага	518.533521709762
варшава	ростов	1453.1502163277305
варшава	смоленск	784.4275926959192
варшава	стокгольм	810.7322270636237
варшава	тифлис	2141.44730961237
варшава	франкфурт	892.4513853323565
варшава	харьков	1095.4620130845185
владивосток	архангельск	5846.604684276152
владивосток	астрахань	6326.277510064871
владивосток	благовещенск	864.1154177866656
владивосток	гонконг	2833.0888829266637
владивосток	иркутск	2290.194464190417
владивосток	калининград	7378.283907117437
владивосток	кемь	6084.194472020456
владивосток	киев	7157.475245570333
владивосток	красноярск	3109.7542778789234
владивосток	кронштадт	6578.052992094039
владивосток	крым	7316.876044299858
владивосток	ленинград	5741.436717304971
владивосток	москва	6434.277307991429
владивосток	мурманск	5941.906109666598
владивосток	нагасаки	1124.9865884895487
владивосток	нижневартовск	4118.26765821712
владивосток	никольск	7015.023945378461
владивосток	новороссийск	7097.683776948342
владивосток	одесса	7417.05456915009
владивосток	омск	4334.422184566307
владивосток	петербург	5080.275448510478
владивосток	петроград	5037.912024530333
владивосток	порт-артур	6794.730505887561
владивосток	ростов-на-дону	6816.386385726312
владивосток	санкт-петербург	6556.02062528919
владивосток	севастополь	7375.355543379966
владивосток	серпухов	6492.772050813232
владивосток	сингапур	5405.93886967916
владивосток	стокгольм	7143.785266564249
владивосток	токио	1177.671308582135
владивосток	туапсе	7053.5284046431025
владивосток	улан-удэ	2058.7851017024545
владивосток	хабаровск	645.8480246876672
владивосток	харбин	512.403255882287
владивосток	челябинск	5079.280395129676
владивосток	шанхай	1607.6587525930947
владикавказ	аткарск	985.1236941000493
владикавказ	гомель	1459.4729872252992
владикавказ	новониколаевск	4494.990941310686
владикавказ	оренбург	1247.6443981375699
владикавказ	петровск	1033.674459488784
владикавказ	пятигорск	172.63726698601477
владикавказ	ростов-на-дону	609.1601477739277
владикавказ	тирасполь	1259.1091320239361
владикавказ	тифлис	148.1821688018174
владикавказ	тюмень	2150.3212140206665
воронеж	астрахань	873.1863015527596
воронеж	аткарск	401.04955919744185
воронеж	белгород	218.3692410595603
воронеж	брянск	373.74115012368696
воронеж	волгоград	500.5262562918485
воронеж	вологда	843.1957464083378
воронеж	вязьма	513.2704376498824
воронеж	вятка	1018.8580325784498
воронеж	гдов	1069.2841842074968
воронеж	гомель	568.7993550059339
воронеж	екатеринослав	6800.586438166519
воронеж	иркутск	4317.038446996961
воронеж	казань	800.5904811345335
воронеж	калуга	374.25787500637756
воронеж	киев	623.4140249201754
воронеж	кострома	689.3392384098652
воронеж	красноярск	3475.1552453921495
воронеж	кременчуг	500.955687997515
воронеж	курск	209.02053060527882
воронеж	ленинград	1784.019234695279
воронеж	лиски	77.42603034345322
воронеж	майкоп	786.5460498276383
воронеж	минск	823.919239973358
воронеж	москва	467.84646452896163
воронеж	новониколаевск	4324.732052745294
воронеж	новороссийск	778.0740889720381
воронеж	одесса	844.3229139258962
воронеж	петербург	1500.001275742496
воронеж	петроград	1580.4756102437507
воронеж	петрозаводск	1165.7818861465748
воронеж	подмосковье	384.0735808815577
воронеж	ржев	604.1250261614792
воронеж	ростов	493.9659487307653
воронеж	ростов-на-дону	493.9659487307653
воронеж	рязань	337.03972287058576
воронеж	самара	760.3411365012963
воронеж	саратов	472.7777765748004
воронеж	серпухов	382.05270705828764
воронеж	смоленск	591.1499084368078
воронеж	таганрог	494.44940840429285
воронеж	тамбов	194.39087501135867
воронеж	тверь	617.5102487001041
воронеж	тирасполь	877.1898265623804
воронеж	томск	2984.166456197306
воронеж	тула	2824.875716690588
воронеж	хабаровск	6353.171627570173
воронеж	харьков	277.77439341069237
воронеж	ярославль	666.1687374858379
гуляйполе	александровск	240.50733542958517
гуляйполе	васильевка	78.1765639756176
гуляйполе	волчанск	2059.688776271368
гуляйполе	новочеркасск	290.1879229685488
гуляйполе	петербург	1933.3358171564755
гуляйполе	петроград	1968.3497139698486
гуляйполе	рождественка	914.7235471561193
гуляйполе	ростов	263.7594577607284
гуляйполе	украина	420.383131184825
гуляйполе	уральск	1162.2581590783773
дербент	белев	1956.3318707700478
дербент	бендеры	1584.6764734742019
дербент	велиж	1950.5185126929873
дербент	кизляр	236.67939481210988
дербент	мстиславль	1806.319677534791
дербент	осташков	1994.1434218097463
дербент	очаков	1425.016184042859
дербент	силистрия	6708.625502548853
дербент	тюмень	2078.4529349638233
дербент	шемаха	160.79766518921244
дзержинский	горки	1461.5585106748506
дзержинский	екатеринослав	6540.333163798945
дзержинский	камо	7855.14529436853
дзержинский	куйбышев	945.7168901202747
дзержинский	лубянский	680.4955387843518
дзержинский	петроград	1743.8956524109783
дзержинский	самара	945.7168901202747
дзержинский	сухомлинов	2782.4795105963794
дзержинский	таганский	864.725068266957
дзержинский	тарак	1009.3471717213533
дубна	академгородок	2835.4817997087093
дубна	калуга	256.22950308581994
дубна	миасс	1441.834019571662
дубна	москва	115.9710152826022
дубна	обнинск	187.96422013580232
дубна	пермь	1153.801964440779
дубна	самара	918.5520698704742
дубна	санкт-петербург	533.4952575726771
дубна	саратов	821.3209175654372
дубна	тольятти	860.1904568136057
екатеринбург	архангельск	1382.3419144399152
екатеринбург	иркутск	2819.6198643810776
екатеринбург	казань	716.126837348864
екатеринбург	москва	1421.8795584861982
екатеринбург	новосибирск	1402.7478820656072
екатеринбург	пермь	292.84358051947174
екатеринбург	ростов-на-дону	1777.6451335920428
екатеринбург	самара	782.8809129823917
екатеринбург	санкт-петербург	1788.4624127056295
екатеринбург	саратов	1116.6301551293789
екатеринослав	керчь	6168.496330781023
екатеринослав	кременчуг	6309.495773463585
екатеринослав	мариуполь	6367.450091680242
екатеринослав	минск	6491.049006883158
екатеринослав	новониколаевск	11009.53408392712
екатеринослав	одесса	5958.663785454114
екатеринослав	полтава	6405.939254861137
екатеринослав	ростов-на-дону	6493.527191514015
екатеринослав	харьков	6523.233127630766
екатеринослав	ярославль	7297.796716780988
иркутск	благовещенск	1629.63186113277
иркутск	владивосток	2290.194464190417
иркутск	екатеринбург	2819.6198643810776
иркутск	красноярск	851.1872247539911
иркутск	москва	4215.5115623044285
иркутск	николаевск	4008.23146184992
иркутск	новосибирск	1438.3955854615124
иркутск	одесса	5145.154629174734
иркутск	омск	2049.050889082831
иркутск	пермь	3058.8003158912934
иркутск	петербург	2820.907779894387
иркутск	санкт-петербург	4429.815434792375
иркутск	саратов	3898.732622788662
иркутск	семипалатинск	1679.5056214756996
иркутск	ставрополь	4514.133543070817
иркутск	тобольск	2352.453372794792
иркутск	томск	1334.2872220432146
иркутск	тюмень	2517.7740371831105
иркутск	улан-удэ	232.0854217922885
иркутск	хабаровск	2213.2061966209053
иркутск	челябинск	2803.0260471563934
иркутск	чита	631.1670328357151
иркутск	якутск	1863.821232976472
казань	азов	1176.058285192842
казань	астрахань	1050.022229559717
казань	волгоград	846.4446845721782
казань	воронеж	800.5904811345334
казань	вятка	317.90762450731546
казань	екатеринбург	716.126837348864
казань	екатеринослав	7598.269364561312
казань	калуга	835.0737474623025
казань	киев	1377.025794946364
казань	кострома	552.1221353505373
казань	красноярск	2687.7081858182128
казань	крым	1606.777113127034
казань	ленинград	1602.5767190708593
казань	майкоп	1397.456303146993
казань	москва	725.7552551371814
казань	нальчик	1421.4902677283278
казань	новосибирск	2117.8784859612615
казань	одесса	1644.8634610380082
казань	омск	1527.5370901002175
казань	оренбург	590.5518363589619
казань	пенза	393.56834361778743
казань	петербург	714.9399096025912
казань	петроград	858.75439113757
казань	петрозаводск	1083.9678152400018
казань	рыбинск	679.6429583759156
казань	самара	291.3736349134689
казань	санкт-петербург	1208.1926107884624
казань	саратов	514.8789230674471
казань	свияжск	33.43903130530749
казань	симбирск	169.80098776547217
казань	смоленск	1092.3183814875695
казань	ташкент	2170.85831369299
казань	тверь	828.9885985104227
казань	тобольск	1186.0215374678185
казань	томск	2200.3870028941124
казань	торжок	887.6526094539546
казань	тула	3480.730124318346
казань	ульяновск	169.80098776547217
казань	уфа	3128.4573676455852
казань	челябинск	774.416722177582
казань	ярославль	605.7472158688182
калининград	белоруссия	491.41526827950975
калининград	владивосток	7378.283907117435
калининград	москва	1091.8829851954067
калининград	мурманск	1713.8794714199735
калининград	петербург	2490.535384402522
калининград	санкт-петербург	828.1752339524376
калининград	сибирь	1831.1910711564026
калининград	украина	936.9677155926798
калининград	хабаровск	7042.1072725645045
калининград	ханты-мансийск	2891.43992514033
калуга	белев	814.7562374637023
калуга	брянск	188.16291748305576
калуга	вязьма	148.51049494584072
калуга	киев	596.2383220298849
калуга	курск	309.7568520654084
калуга	лубны	547.5568741252298
калуга	минск	571.1944049574795
калуга	можайск	111.32652512526619
калуга	москва	163.0161232348778
калуга	мстиславль	300.11511654873124
калуга	петербург	1544.1124103087998
калуга	путивль	387.98184681744874
калуга	саратов	734.1564291299346
калуга	серпухов	87.3119707016645
калуга	смоленск	273.5612292888949
калуга	тверь	262.34703208819855
калуга	тула	2649.6415950696455
калуга	ярославль	414.1246957336218
карабаш	баада	4709.921727172915
карабаш	кармадона	8182.148052087402
карабаш	кушль	8182.148052087402
карабаш	мервиль	8182.148052087402
карабаш	монтеверде	3736.684120255559
карабаш	новосельн	8182.148052087402
карабаш	панаргин	8182.148052087402
карабаш	теймыр	8182.148052087402
карабаш	фартус	2867.872362938464
карабаш	яниш	138.89462382687324
киев	берлин	1209.2765598702024
киев	варшава	691.5869780298071
киев	вильно	590.0619107223621
киев	вильнюс	590.0619107223621
киев	воронеж	623.4140249201754
киев	днепропетровск	394.6886760199334
киев	екатеринослав	6294.251854722466
киев	житомир	133.6831435202039
киев	константинополь	1056.197889065614
киев	крым	669.3457245538176
киев	ленинград	2323.882597681504
киев	луцк	369.8381333820891
киев	минск	434.20996653060314
киев	москва	756.6561200717554
киев	муром	958.77367834757
киев	одесса	441.22434424706614
киев	переяславль	6294.251854722466
киев	петербург	2091.14750429692
киев	петроград	2195.273420721157
киев	петрозаводск	1284.7408962856198
киев	полоцк	572.595307655056
киев	полтава	303.9881430349212
киев	ростов	762.536560841842
киев	рязань	777.9235813716025
киев	саратов	1093.5595881808883
киев	смоленск	492.6026465191496
киев	суздаль	934.4474215407257
киев	харьков	413.28628419071475
киев	чернигов	128.1238182347071
киев	ялта	716.1012702875529
киев	ярославль	1005.4617892736838
коломна	бежецк	325.42483192087764
коломна	белев	988.1967788348883
коломна	брянск	353.53147613380503
коломна	вязьма	285.3889713894148
коломна	елец	276.6434591230379
коломна	козельск	226.17062900232798
коломна	мценск	247.49409607981934
коломна	переславль	182.87107542083118
коломна	ржев	307.7417665189635
коломна	серпухов	88.47434517075632
колымск	владикавказ	6567.513940391662
колымск	енисейск	3393.066881849633
колымск	индигирка	679.5522762954413
колымск	иркутск	3431.281101694545
колымск	обь	6902.163691311414
колымск	охотск	1330.1796650610781
колымск	симла	6573.926932281408
колымск	суэц	8295.871160101284
колымск	тобольск	4303.732364572306
колымск	якутск	1602.9240834095967
красноярск	владивосток	3109.754277878923
красноярск	иркутск	851.1872247539911
красноярск	казань	2687.7081858182128
красноярск	кемерово	432.8018469373381
красноярск	москва	3364.51558090317
красноярск	новосибирск	637.2755830990369
красноярск	норильск	1504.947726781269
красноярск	омск	1233.4196473238776
красноярск	саратов	3067.0136986351745
красноярск	хабаровск	2950.1552880366276
кронштадт	амстердам	1747.5635241499945
кронштадт	архангельск	753.1259943522829
кронштадт	владивосток	6578.052992094039
кронштадт	гамбург	1397.792241212608
кронштадт	гонконг	7578.545355694591
кронштадт	иркутск	4455.332324157614
кронштадт	казань	1238.9485031858887
кронштадт	камчатка	6299.123442977106
кронштадт	киев	1063.1912048606607
кронштадт	копенгаген	1124.4056886219994
кронштадт	котлин	974.1482138552938
кронштадт	мессина	2624.092693245195
кронштадт	москва	662.24122465634
кронштадт	нагасаки	7400.812729715923
кронштадт	новороссийск	1780.8837249018254
кронштадт	ньюкасл	14875.449198641007
кронштадт	одесса	1504.4139364926173
кронштадт	петербург	1818.19631617336
кронштадт	петергоф	14.368889619033395
кронштадт	петроград	2047.129988153632
кронштадт	петропавловск	2393.464698020645
кронштадт	пирей	2489.9422747957133
кронштадт	порт-артур	1966.3067699581998
кронштадт	портсмут	2178.2562623085614
кронштадт	севастополь	1730.2462339290107
кронштадт	сингапур	9001.264851935975
кронштадт	стокгольм	663.0573559155972
кронштадт	стрельна	888.3589143003576
кронштадт	тулон	2473.2208577598253
кронштадт	шербург	2294.193795910362
кронштадт	ялта	1748.8586162077986
куйбышев	воронеж	760.3411365012964
куйбышев	днепропетровск	1181.9292013427932
куйбышев	казань	291.3736349134686
куйбышев	ленинград	1328.6799429570688
куйбышев	липецк	710.3453011745104
куйбышев	москва	857.0313361763527
куйбышев	ростов	995.1339885740813
куйбышев	саратов	334.1219738289624
куйбышев	свердловск	782.8809129823919
куйбышев	челябинск	767.7346982466395
курск	белгород	128.89839219493507
курск	брянск	209.2964267217376
курск	вязьма	407.92778284177894
курск	лиски	244.6471225814989
курск	лобаново	677.059871877765
курск	мелитополь	545.8361809787907
курск	мценск	174.6510188094843
курск	тула	2616.1656620939502
курск	фатеж	46.36270205366312
курск	щигры	52.24382887096248
ленинград	алма-ата	1455.028513039847
ленинград	берлин	3526.573417562695
ленинград	воронеж	1784.0192346952786
ленинград	днепропетровск	1963.0245825232894
ленинград	егорьевск	2006.4462892708395
ленинград	кенигсберг	2724.7123180229482
ленинград	киев	2323.882597681504
ленинград	куйбышев	1328.6799429570683
ленинград	лахти	3000.580628654823
ленинград	минск	2606.991930404931
ленинград	москва	2103.2418421416382
ленинград	одесса	2268.8120160317194
ленинград	париж	4350.396482224594
ленинград	петербург	1559.9029040676705
ленинград	петроград	1308.5084485855925
ленинград	петрозаводск	2663.033913225687
ленинград	свердловск	1561.7037883833152
ленинград	симферополь	2009.473388428969
ленинград	смоленск	2363.1427683801826
ленинград	сталинград	1301.7435744027343
ленинград	ташкент	863.4111106267918
ленинград	томск	2384.534018343625
ленинград	харьков	1912.8208680423745
минск	алма-ата	3745.55203663745
минск	ашхабад	2939.10096389737
минск	берлин	957.7131644459931
минск	вильно	172.174499015669
минск	вильнюс	172.174499015669
минск	витебск	223.45105737950996
минск	владикавказ	1742.466144275743
минск	воронеж	823.9192399733579
минск	гомель	283.4214819770566
минск	екатеринбург	2099.3546524505646
минск	екатеринослав	6491.049006883158
минск	житомир	412.3310757275587
минск	казань	1399.2986593956166
минск	киев	434.209966530603
минск	ленинград	2606.991930404931
минск	майкоп	1375.2738625662923
минск	могилев	738.632651033714
минск	москва	677.5322372404339
минск	нальчик	1647.1407294287271
минск	новониколаевск	4875.645679550366
минск	ростов-на-дону	1133.7852658936124
минск	свердловск	2099.3546524505646
минск	серпухов	649.3617913753387
минск	симферополь	1101.595271569586
минск	таллин	639.9146435568007
минск	таллинн	639.9146435568007
минск	ташкент	3372.866898609283
минск	томск	3558.736477152664
минск	уфа	1730.2404970488324
минск	харьков	739.467050755073
минск	челябинск	2173.685984804726
минск	ядрин	1212.5363770172926
москва	берлин	1615.1314737024861
москва	варшава	1154.3278182752895
москва	воронеж	467.8464645289618
москва	иркутск	4215.5115623044285
москва	казань	725.7552551371814
москва	киев	756.6561200717554
москва	крым	1228.638790323467
москва	ленинград	2103.2418421416382
москва	лондон	2508.636018235538
москва	нью-йорк	7528.956830545578
москва	одесса	1136.6806802987196
москва	париж	2493.691069062065
москва	петербург	1420.9815010197722
москва	петроград	1584.509465569705
москва	псков	611.6918913929105
москва	россия	3333.9698373176543
москва	ростов	959.4276670503629
москва	санкт-петербург	636.1529866064793
москва	саратов	727.5340848787927
москва	смоленск	370.16258927264187
москва	ташкент	2797.631554885903
москва	тверь	162.01524221658923
москва	тула	2757.14878257561
москва	харьков	647.2524355040098
москва	ялта	1275.5436797470472
москва	ярославль	251.10883614688055
мурманск	архангельск	592.2980093766917
мурманск	астрахань	2655.43669226735
мурманск	владивосток	5941.906109666598
мурманск	вологда	1135.1523209890647
мурманск	гавр	2802.7842630901096
мурманск	кандалакша	204.77640640919475
мурманск	ленинград	3275.0264263265963
мурманск	поти	3030.1596055839004
мурманск	ташкент	3734.0135272703974
мурманск	хабаровск	5522.023365661382
нарва	белев	976.5181519212489
нарва	витебск	481.4415599638721
нарва	вольмар	260.8123411357176
нарва	выборг	151.61208403337534
нарва	казань	1313.0871945808728
нарва	люблин	971.714142083228
нарва	минск	610.804404878452
нарва	мстиславль	634.3947012049346
нарва	полоцк	434.7308563498431
нарва	торжок	475.7019815871441
новороссийск	владикавказ	586.6170764440033
новороссийск	керчь	125.02696072744823
новороссийск	крым	291.0618405325526
новороссийск	кубань	4693.647192665931
новороссийск	новочеркасск	348.9032012741674
новороссийск	одесса	582.5307638100813
новороссийск	ростов	315.7609772647635
новороссийск	севастополь	337.0278166035642
новороссийск	сочи	201.081751205157
новороссийск	туапсе	124.89298673931256
новосибирск	академгородок	22.922867934375148
новосибирск	барнаул	195.23503363625454
новосибирск	бийск	315.45945868946376
новосибирск	екатеринбург	1402.7478820656072
новосибирск	иркутск	1438.3955854615122
новосибирск	каунас	3665.415782769377
новосибирск	кемерово	204.73860306953912
новосибирск	кострома	2568.796000861608
новосибирск	красноярск	637.2755830990368
новосибирск	москва	2820.744564234395
новосибирск	омск	610.6563756830082
новосибирск	ростов-на-дону	3092.6193516992216
новосибирск	санкт-петербург	3115.6778343567953
новосибирск	сыктывкар	2000.7437377857386
новосибирск	томск	206.53817409291918
новосибирск	чебоксары	2228.3693734897147
новосибирск	челябинск	1368.6138805345036
новочеркасск	батайск	40.692043615119346
новочеркасск	владикавказ	605.5929855033006
новочеркасск	джанкой	476.9241762941696
новочеркасск	киев	778.1810133603525
новочеркасск	могилев	448.08807964504393
новочеркасск	новороссийск	348.9032012741674
новочеркасск	петроград	1742.495210243629
новочеркасск	ростов	36.60157193637584
новочеркасск	таганрог	93.23701897616802
новочеркасск	харьков	402.18097685271977
одесса	астрахань	1327.3520447974695
одесса	борисполь	430.2570885550056
одесса	варшава	951.2854781179996
одесса	екатеринослав	5958.663785454114
одесса	иркутск	5145.154629174734
одесса	каунас	1051.816070067558
одесса	киев	441.22434424706597
одесса	кишинев	154.59427516282713
одесса	коктебель	389.53703448939797
одесса	кременчуг	352.35387876014676
одесса	крым	313.7829292029028
одесса	ленинград	2268.81201603172
одесса	мариуполь	527.2996655827152
одесса	москва	1136.6806802987194
одесса	новороссийск	582.5307638100815
одесса	париж	2135.015217747314
одесса	петербург	2338.0588880764817
одесса	петроград	2393.0902554029553
одесса	саратов	1248.9460485891027
одесса	севастополь	301.75954265314846
одесса	симбирск	1519.530253149355
одесса	симферополь	312.7650296340163
одесса	сочи	777.6595541373979
одесса	ставрополь	887.8675875272762
одесса	ташкент	3117.6529586265974
одесса	тифлис	1243.7842720748727
одесса	туапсе	705.445806673145
одесса	харьков	566.6154720027325
одесса	чита	5723.066812363519
одесса	ялта	347.11181732937973
оренбург	астрахань	792.7642931702022
оренбург	бугульма	344.63420181708614
оренбург	бузулук	224.8439330068518
оренбург	екатеринбург	668.4046105182316
оренбург	иркутск	3310.2788147393635
оренбург	казань	590.5518363589615
оренбург	кубань	6186.905923909911
оренбург	кунгур	641.3481433191024
оренбург	минск	1858.8442705557661
оренбург	пекин	4788.235867832968
оренбург	самара	374.01498906497676
оренбург	саранск	717.4900264383151
оренбург	саратов	627.4010184679247
оренбург	свияжск	615.0508161119722
оренбург	симбирск	532.6401956032246
оренбург	стральзунд	7693.584370998238
оренбург	тюмень	902.8339023543102
оренбург	уральск	265.5869421254452
оренбург	уфа	3551.705337281379
оренбург	хива	1222.6206471754135
павловск	гатчина	21.301891237871242
павловск	кузьмищево	385.5544647444727
павловск	кунцево	1174.3797384020515
павловск	лозанна	2143.086763160586
павловск	останкино	606.1852987601894
павловск	петербург	1782.8922196996286
павловск	петергоф	36.58727762943521
павловск	токсово	53.09323841245109
павловск	шестово	643.5359258577063
павловск	ялта	1708.4150982867031
пенза	бессоновка	12.510838180428921
пенза	геттинген	7209.973460326559
пенза	иркутск	3887.831338416121
пенза	кременчуг	928.7499073535997
пенза	москва	556.0353483602626
пенза	петербург	1072.9132228314427
пенза	саратов	198.73762536237945
пенза	симбирск	253.98218170128396
пенза	ставрополь	933.4821139136204
пенза	тихвин	1005.0282930061186
переяславль	галич	5936.452053816088
переяславль	дорогобуж	6800.97844185474
переяславль	киев	6294.251854722466
переяславль	курск	6659.399024586464
переяславль	муром	7235.194270374367
переяславль	перемышль	6865.864330294582
переяславль	ростов	6493.527191514015
переяславль	суздаль	7227.223630312833
переяславль	чернигов	6419.211290828744
пермь	архангельск	1107.7897207488247
пермь	астрахань	1411.9458661978288
пермь	верхотурье	282.6237720620096
пермь	вологда	957.264653995461
пермь	вятка	391.2615805478834
пермь	добрянка	49.9446663827171
пермь	екатеринбург	292.8435805194719
пермь	иркутск	3058.800315891294
пермь	казань	497.67782816727185
пермь	киев	1861.1229146757314
пермь	москва	1159.3227445237164
пермь	петрозаводск	1286.1401207844353
пермь	прикамье	87.91418235019358
пермь	санкт-петербург	1496.7528269346378
пермь	соликамск	184.64856115499384
пермь	тверь	1222.8079917871516
пермь	тобольск	707.0504587424579
пермь	томск	1727.774988707861
пермь	тюмень	563.772603578654
пермь	устюг	641.7393074584342
пермь	уфа	3559.4867431356333
пермь	феодосия	2028.3104102875902
пермь	ярославль	970.432711423511
петербург	баден	3627.932741747258
петербург	берлин	3020.3803022736797
петербург	богородицк	1459.5027292743098
петербург	варшава	2575.1091727573216
петербург	владивосток	5080.275448510479
петербург	воронеж	1500.001275742496
петербург	гатчина	1800.6698864331572
петербург	иркутск	2820.907779894387
петербург	казань	714.9399096025913
петербург	киев	2091.14750429692
петербург	ленинград	1559.9029040676708
петербург	лондон	3876.210962132487
петербург	могилев	1953.0149579409742
петербург	москва	1420.9815010197722
петербург	одесса	2338.0588880764817
петербург	омск	823.5808375927699
петербург	париж	3896.483877223893
петербург	пенза	1072.9132228314422
петербург	петроград	295.3220541808066
петербург	прага	3093.2605224666318
петербург	псков	1928.10549853007
петербург	ростов	1775.9122915793769
петербург	санктпетербург	1818.8102721242726
петербург	санкт-петербург	1788.1984305008857
петербург	ставрополь	1840.7761560157398
петербург	таганрог	1820.100389826077
петербург	тифлис	2026.9976540135685
петербург	ульяновск	819.1704204446723
петербург	харьков	1774.4000465309095
петербург	ялта	2294.028252996109
петергоф	александрия	3187.871383431971
петергоф	гатчина	36.78628575844339
петергоф	дрентельн	7126.100866373816
петергоф	кронштадт	14.368889619033325
петергоф	ливадия	1738.6006464197092
петергоф	могилев	1261.2718067219218
петергоф	павловск	36.58727762943535
петергоф	петербург	1811.059272278067
петергоф	ропша	16.867141943711122
петергоф	сергиевка	861.5879870998891
петроград	берлин	3199.09339847134
петроград	варшава	2732.131459306022
петроград	воронеж	1580.4756102437507
петроград	гатчина	2024.9103786086946
петроград	гомель	2083.978724411641
петроград	гуляйполе	1968.3497139698486
петроград	екатеринбург	296.47219752052996
петроград	казань	858.75439113757
петроград	киев	2195.2734207211565
петроград	ленинград	1308.5084485855928
петроград	лондон	4078.1178846964344
петроград	могилев	2015.791496682726
петроград	москва	1584.509465569705
петроград	новочеркасск	1742.4952102436291
петроград	одесса	2393.0902554029553
петроград	омск	707.3524714274505
петроград	оренбург	571.5915886775279
петроград	париж	4077.6858463691615
петроград	петербург	295.32205418080656
петроград	ростов	1779.0953948840825
петроград	севастополь	2337.458225427182
петроград	смоленск	1950.229899712619
петроград	таганрог	1829.5209624004472
петроград	тифлис	1918.5875720665902
петроград	урга	3137.875761412557
петроград	харьков	1843.3116712962621
полоцк	брест	2392.2397215704987
полоцк	висмар	2849.6329843816047
полоцк	дорогобуж	295.6348876018506
полоцк	минск	192.62699153804087
полоцк	мстиславль	250.88567892788083
полоцк	овруч	462.930743080934
полоцк	орша	151.63005309937066
полоцк	ржев	358.55701688064124
полоцк	смоленск	223.41602155914612
полоцк	чернигов	474.7297258078385
полтава	белгород	183.67113572714408
полтава	варшава	995.1739090812583
полтава	воронеж	401.89968067630747
полтава	екатеринослав	6405.939254861137
полтава	киев	303.98814303492117
полтава	кролевец	233.60751741371448
полтава	курск	264.5584765059274
полтава	москва	716.1117571159048
полтава	одесса	447.3977569862724
полтава	петербург	1901.6815069264092
полтава	севастополь	559.5788858649522
полтава	севск	285.5151428927621
полтава	тамбов	595.6239630977527
полтава	тула	2498.535067514481
полтава	харьков	131.75926867083462
полтава	чернигов	313.2534896179446
порт-артур	владивосток	6794.730505887561
порт-артур	гонконг	6847.082737945365
порт-артур	константинополь	1195.2786261104607
порт-артур	кронштадт	1966.3067699581998
порт-артур	лиссабон	4317.442964623165
порт-артур	мальта	2581.3723562780197
порт-артур	манчжурия	5464.425397932019
порт-артур	очаков	927.872061066603
порт-артур	пекин	5895.217126990854
порт-артур	петропавловск	2219.4380011921285
порт-артур	плевна	1267.831294692387
порт-артур	севастополь	748.1190637432499
порт-артур	херсонес	535.8703396836677
порт-артур	цзиндао	6474.829589840517
порт-артур	циндао	6415.121627877018
порт-артур	эрзерум	1344.3763086428783
псков	бологое	339.34104581973827
псков	варшава	777.6942694910753
псков	витебск	314.12491192885483
псков	вологда	690.5045313123144
псков	волыния	6883.779875186481
псков	вольмар	176.50687904871043
псков	гдов	107.49958442823484
псков	казань	1289.6446214784548
псков	киев	832.3129273340419
псков	литва	393.3438586338907
псков	могилев	1076.4137684314157
псков	москва	611.6918913929105
псков	мстиславль	472.94161441417214
псков	омск	2746.142659485803
псков	переяславль	6883.779875186481
псков	пермь	1642.735229482246
псков	петроград	2132.7300550333475
псков	полоцк	261.02766629134413
псков	путивль	804.8175494906599
псков	ростов	1404.6759252272914
псков	северск	1187.1985983927898
псков	смоленск	408.88886450863293
псков	тверь	468.894186908493
псков	торжок	407.90241902847987
псков	ярославль	688.2986096953161
ростов	батайск	10.072831747545537
ростов	болхов	740.4997407722894
ростов	витебск	1105.209552228883
ростов	владикавказ	609.1601477739275
ростов	волгоград	395.5535724875439
ростов	воронеж	493.96594873076504
ростов	воскресенск	903.6680554343159
ростов	вязьма	965.0029838089066
ростов	днепропетровск	375.1295073906646
ростов	екатеринбург	1777.6451335920428
ростов	екатеринослав	6493.527191514015
ростов	житомир	877.7643495275491
ростов	казань	1153.6064922943638
ростов	калуга	845.6359302062209
ростов	кемерово	3292.0629128433407
ростов	керчь	325.4288730372621
ростов	киев	762.5365608418422
ростов	котлас	1623.4817201821606
ростов	курск	561.4694577863042
ростов	ленинград	1595.2792503874282
ростов	мариуполь	161.29808875021902
ростов	москва	959.4276670503625
ростов	новороссийск	315.7609772647636
ростов	новочеркасск	36.601571936376075
ростов	петроград	1779.0953948840825
ростов	петрозаводск	1656.0426608223372
ростов	пятигорск	440.4038107339898
ростов	ростов-на-дону	0.0
ростов	самара	995.1339885740816
ростов	саратов	663.3812634727334
ростов	севастополь	560.6935845550356
ростов	смоленск	996.1790070469143
ростов	ставрополь	299.11418666035956
ростов	сталинград	395.5535724875439
ростов	таганрог	60.52547524124606
ростов	тверь	1102.4443152505064
ростов	туапсе	350.93934879706785
ростов	тула	2904.40280971107
ростов	харьков	398.18630656375205
ростов	челябинск	1744.4479390617093
ростов	ярославль	1157.4922944335588
самара	астрахань	776.2884556330287
самара	бузулук	150.756756033538
самара	ветлуга	582.7475828634254
самара	владикавказ	1200.5311235582108
самара	волгоград	635.166610587848
самара	воронеж	760.3411365012964
самара	дубна	918.5520698704742
самара	екатеринбург	782.8809129823919
самара	ирбит	956.9282096926672
самара	иркутск	3570.7434850210266
самара	казань	291.3736349134686
самара	киев	1380.1244777484455
самара	козьмодемьянск	417.5280134705141
самара	кострома	770.9373492098044
самара	красноярск	2736.005047024726
самара	минск	1490.4866821232638
самара	москва	857.0313361763527
самара	новокуйбышевск	15.656418236115243
самара	новосибирск	2135.3643798092075
самара	омск	1527.4454438087805
самара	оренбург	374.01498906497676
самара	осиповка	688.3864710458286
самара	петроград	821.968699755969
самара	петрозаводск	1336.617011507528
самара	прилуки	1250.6121082599093
самара	ростов	995.1339885740813
самара	рыбинск	890.6881553617561
самара	санкт-петербург	1421.530105897486
самара	саратов	334.1219738289624
самара	симбирск	169.22825334997597
самара	сызрань	109.74844099993942
самара	тверь	992.4630831541526
самара	тольятти	58.750058295557515
самара	ульяновск	169.22825334997597
самара	харьков	1021.3761397571507
самара	чебоксары	375.17570614710786
самара	ярославль	812.2537033154438
санкт-петербург	владикавказ	2119.4716617508448
санкт-петербург	дубна	533.4952575726772
санкт-петербург	екатеринбург	1788.4624127056293
санкт-петербург	иркутск	4429.815434792375
санкт-петербург	казань	1208.1926107884626
санкт-петербург	москва	636.1529866064794
санкт-петербург	нальчик	2038.8970409576264
санкт-петербург	новосибирск	3115.6778343567953
санкт-петербург	пермь	1496.7528269346378
санкт-петербург	петербург	1788.1984305008857
санкт-петербург	саратов	1354.3401787503585
санкт-петербург	сургут	2322.0261850101574
санкт-петербург	тольятти	1362.842812060731
санкт-петербург	ульяновск	1254.1734243950507
санкт-петербург	ханты-мансийск	2101.035803080906
санкт-петербург	чебоксары	1082.3875354309498
саратов	астрахань	594.3008819309476
саратов	волгоград	331.83606397308796
саратов	вологда	939.4483861423627
саратов	воронеж	472.7777765748004
саратов	вятка	820.5738070463094
саратов	дубна	821.3209175654372
саратов	екатеринбург	1116.630155129379
саратов	екатеринослав	7151.9834650938565
саратов	иркутск	3898.732622788662
саратов	казань	514.8789230674473
саратов	калуга	734.1564291299344
саратов	киев	1093.5595881808883
саратов	котлас	1083.188336687309
саратов	красноярск	3067.0136986351745
саратов	куйбышев	334.1219738289623
саратов	курск	681.3748064293484
саратов	ленинград	1376.874620705834
саратов	минск	1272.0410561211077
саратов	москва	727.5340848787923
саратов	омск	1851.7994579519748
саратов	оренбург	627.4010184679247
саратов	пенза	198.73762536237922
саратов	пермь	974.1912130837607
саратов	петербург	1114.9400157742587
саратов	петрозаводск	1342.8171877447255
саратов	ростов	663.381263472733
саратов	рыбинск	859.968681478774
саратов	самара	334.1219738289623
саратов	санкт-петербург	1354.3401787503583
саратов	саранск	301.1435306492835
саратов	симбирск	346.81579854243574
саратов	ставрополь	781.5410319477692
саратов	тверь	885.8310842551604
саратов	тольятти	318.05269932024953
саратов	тула	3297.5371698690233
саратов	ульяновск	346.81579854243574
саратов	харьков	709.1680268122838
саратов	челябинск	1097.488902568182
саратов	чернигов	1021.5825830958006
свердловск	днепропетровск	1948.6029466855953
свердловск	калуга	1545.1390409964722
свердловск	кемь	1659.4983681166846
свердловск	куйбышев	782.8809129823917
свердловск	ленинград	1561.7037883833154
свердловск	москва	1421.8795584861982
свердловск	салехард	1125.3429854941419
свердловск	ташкент	1835.7913538289126
свердловск	хабаровск	4865.967664619333
свердловск	челябинск	193.42537719063583
севастополь	анкона	1601.254758566782
севастополь	бендеры	400.0891871303483
севастополь	владивосток	7375.355543379966
севастополь	вязьма	1181.1713090465232
севастополь	дунай	1077.147162694115
севастополь	евпатория	66.17663664764815
севастополь	кавказ	960.5056986133784
севастополь	керчь	245.71171721010052
севастополь	киев	687.7648939236177
севастополь	константинополь	546.1660024217784
севастополь	кронштадт	1730.2462339290107
севастополь	крым	58.48636017418773
севастополь	ленинград	2057.254646736598
севастополь	мальта	1882.7054336991132
севастополь	москва	1273.1864962411964
севастополь	новороссийск	337.0278166035642
севастополь	одесса	301.75954265314834
севастополь	очаков	271.4045065452196
севастополь	петроград	2337.4582254271822
севастополь	петропавловск	2770.784361164863
севастополь	плевна	519.7490656933663
севастополь	порт-артур	748.1190637432497
севастополь	поти	717.6095964236066
севастополь	ростов	560.6935845550356
севастополь	силистрия	5946.497994107093
севастополь	симферополь	59.95611557153556
севастополь	смоленск	1136.4518950072588
севастополь	сочи	509.19243084490773
севастополь	сталинград	956.0143778547568
севастополь	тифлис	971.8691224524325
севастополь	тулон	2213.484767755041
севастополь	феодосия	153.9946487013251
севастополь	херсон	238.37823611270642
севастополь	ялта	51.99795951588833
смоленск	боровск	287.72921495273454
смоленск	брянск	228.83743460540845
смоленск	варшава	784.4275926959193
смоленск	витебск	126.49100715201641
смоленск	воронеж	591.1499084368076
смоленск	вязьма	151.72583571753023
смоленск	гомель	270.8969081116479
смоленск	дорогобуж	82.14177085523022
смоленск	казань	1092.3183814875695
смоленск	калуга	273.5612292888949
смоленск	кенигсберг	596.2708112283939
смоленск	киев	492.60264651915014
смоленск	коломна	431.9649624284139
смоленск	константинополь	1547.8409191403705
смоленск	кострома	642.2118929909038
смоленск	литва	533.592066673626
смоленск	майкоп	1270.103464885039
смоленск	могилев	679.2598464428739
смоленск	можайск	266.59065272833027
смоленск	москва	370.16258927264187
смоленск	нарва	562.6328243182132
смоленск	овруч	441.47654763760175
смоленск	петроград	1950.2298997126195
смоленск	полоцк	223.4160215591462
смоленск	псков	408.888864508633
смоленск	ржев	218.96422531668455
смоленск	рославль	106.43020438787202
смоленск	ростов	996.1790070469149
смоленск	севастополь	1136.451895007259
смоленск	серпухов	345.354767307769
смоленск	тихвин	549.0652361366544
смоленск	торжок	311.23877825214225
смоленск	чернигов	369.01899574301115
сочи	анапа	241.0127450061889
сочи	барвиха	1363.2804309741896
сочи	ванкувер	9582.741521362814
сочи	гагра	55.074891126036796
сочи	донецк	514.5453371744346
сочи	железноводск	271.28650180099527
сочи	иркутск	4753.478012644378
сочи	кисловодск	244.40732011696699
сочи	красноярск	3953.994795517821
сочи	майкоп	117.4473082009189
сочи	минск	1450.483058182298
сочи	москва	1361.3858506484562
сочи	новороссийск	201.08175120515745
сочи	пицунда	68.65944064583697
сочи	санкт-петербург	1927.4121314472145
сочи	туапсе	77.40392619513845
сочи	эйлат	1613.5674931902595
сочи	ялта	457.248789959706
санкт-петербург	вестна	7143.980311785206
санкт-петербург	имп	9858.830004159256
санкт-петербург	канд	4564.371128869482
санкт-петербург	московск	7143.980311785206
санкт-петербург	одесск	7143.980311785206
санкт-петербург	петербургский	1.1162287732003442
санкт-петербург	ргада	7143.980311785206
санкт-петербург	ростов-на-дону	1541.9886064677814
санкт-петербург	русск	7143.980311785206
санкт-петербург	севастопольский	857.6299406194099
санкт-петербург	симферопольский	1790.383963453019
санкт-петербург	сормовский	890.7217403906499
санкт-петербург	таганрогский	1626.2876360800071
санкт-петербург	харбинский	1805.6504957790562
сталинград	берлин	2225.2926497688886
сталинград	варшава	1706.1790346474834
сталинград	вязьма	1006.6132914935106
сталинград	донбасс	2335.07107707548
сталинград	кенигсберг	1555.2456656816157
сталинград	киев	1028.621484556306
сталинград	ленинград	1301.743574402734
сталинград	моздок	553.1102724878824
сталинград	москва	913.2337253333744
сталинград	новороссийск	679.6597410237594
сталинград	ростов	395.553572487544
сталинград	севастополь	956.0143778547572
сталинград	смоленск	1091.6760862455783
сталинград	сталинградский	3073.732631551746
сталинград	таганрог	450.9087588123971
сталинград	харьков	615.3678477080658
таганрог	витебск	1074.0750742522673
таганрог	лиски	421.3203497052464
таганрог	луганск	156.13663621336866
таганрог	мариуполь	100.84007525905953
таганрог	мелитополь	271.7765024931406
таганрог	могилев	377.03987308759577
таганрог	новочеркасск	93.23701897616786
таганрог	ростов	60.52547524124607
таганрог	симферополь	448.2891222068952
таганрог	харьков	364.730626342616
ташкент	алма-ата	664.6701496657447
ташкент	ашхабад	1006.3749671244908
ташкент	барнаул	1722.76518272237
ташкент	днепропетровск	2792.8205278034698
ташкент	домодедово	2777.180818961535
ташкент	ессентуки	2177.303727406792
ташкент	иркутск	2900.561746232287
ташкент	казань	2170.85831369299
ташкент	киев	3133.988112322088
ташкент	кисловодск	2188.3225371321105
ташкент	кишинев	3256.675300575003
ташкент	ленинград	863.4111106267917
ташкент	минск	3372.866898609283
ташкент	москва	2797.631554885903
ташкент	новосибирск	1824.7755891016718
ташкент	одесса	3117.6529586265974
ташкент	омск	1550.5122217475673
ташкент	оренбург	1586.3770571316977
ташкент	париж	5162.778676602655
ташкент	петербург	1834.6332136997519
ташкент	самара	1950.8515636796385
ташкент	свердловск	1835.7913538289126
ташкент	симферополь	2867.6436106833166
ташкент	сочи	2431.5598003968475
ташкент	тифлис	2037.2001563222104
ташкент	туркестан	235.99807598033027
ташкент	уральск	1757.8975584930809
ташкент	хабаровск	5095.445906441325
ташкент	харьков	2720.7921693119056
ташкент	чистополь	2073.220788855055
тверь	брянск	414.6241212291525
тверь	вологда	352.2489734756316
тверь	казань	828.9885985104225
тверь	калуга	262.34703208819843
тверь	киев	796.9529661148231
тверь	кострома	318.1209067673599
тверь	москва	162.015242216589
тверь	псков	468.89418690849305
тверь	ростов	1102.444315250507
тверь	рязань	339.4836592283481
тверь	смоленск	335.4281478932079
тверь	торжок	61.11876215123208
тверь	углич	162.82703632158086
тверь	чернигов	668.8306161437741
тверь	ярославль	254.58374643007468
тифлис	бессоновка	1291.6081777091447
тифлис	богородицк	1431.8302660610436
тифлис	бомбей	1032.2687244899494
тифлис	бухара	1667.6239979111488
тифлис	варшава	2141.4473096123706
тифлис	владикавказ	148.1821688018178
тифлис	гатчина	2231.717331598351
тифлис	грузия	64.35149772307871
тифлис	жмеринка	1536.1001432232706
тифлис	иркутск	4537.524447142285
тифлис	кавказ	1640.3279497481778
тифлис	киев	1467.6549545535713
тифлис	кисловодск	299.5646618604634
тифлис	кишинев	1398.22397555609
тифлис	красноярск	3773.9727331230624
тифлис	ленинград	1180.176807735542
тифлис	мексика	12030.375572075525
тифлис	москва	1648.0037064512305
тифлис	неаполь	2548.5577873984585
тифлис	одесса	1243.7842720748727
тифлис	оренбург	1365.8457223789394
тифлис	париж	3377.867113050686
тифлис	петербург	2026.9976540135692
тифлис	петроград	1918.5875720665902
тифлис	пятигорск	296.8133334169276
тифлис	ростов	736.1657019166825
тифлис	ростов-на-дону	736.1657019166825
тифлис	самара	1339.4681553837192
тифлис	ставрополь	437.204981484147
тифлис	тегеран	878.188755772937
тифлис	тирасполь	1336.6776772322341
тифлис	томск	3296.3358632448894
тифлис	тульчин	1469.392191739369
тифлис	уфа	3103.637792792556
тифлис	франкфурт	2921.6872975533274
тифлис	хабаровск	6722.053404747471
тифлис	харьков	1134.0200959897097
тифлис	хива	1297.2377377857285
тифлис	чита	5159.109097560003
торжок	бежецк	132.19596984534328
торжок	вологда	377.82682803341066
торжок	вольмар	578.140954544532
торжок	дмитров	174.1995825964758
торжок	дорогобуж	258.5516838642559
торжок	переславль	240.89403090881166
торжок	псков	407.90241902847987
торжок	серпухов	281.5875883168529
торжок	тверь	61.11876215123212
торжок	устюг	771.8175469292911
тула	белев	1894.8410594099332
тула	брянск	2506.7438887711414
тула	витебск	2287.0749878204747
тула	владикавказ	3401.6624510164243
тула	вологда	2972.0444821512137
тула	воронеж	2824.875716690588
тула	вязьма	2539.504059827588
тула	дмитров	2763.2307220317543
тула	жлобин	2214.123618183329
тула	калуга	2649.6415950696455
тула	киев	2211.9679410762446
тула	кишинев	2091.6041982154256
тула	козельск	2611.202940262943
тула	курск	2616.1656620939502
тула	ленинград	4499.559155649102
тула	махачкала	3619.526915705145
тула	москва	2757.14878257561
тула	мстиславль	2349.5273703706303
тула	мценск	2653.694886390875
тула	новониколаевск	6901.475871228008
тула	орша	2279.723490587665
тула	петербург	4175.124199827537
тула	петрозаводск	2787.155002587424
тула	путивль	2453.2273078349585
тула	рыльск	2511.040442321118
тула	рязань	2871.767851911095
тула	самара	3556.2306210080615
тула	саратов	3297.5371698690233
тула	севск	2502.519975875325
тула	серпухов	2730.1525838963885
тула	симферополь	2527.4271368146565
тула	строгино	2744.8622824045524
тула	тверь	2679.8612643567712
тула	фергана	5568.956312561546
тула	харьков	2621.133318418578
углич	бежецк	101.02248942258949
углич	белоозеро	402.65785612964544
углич	дмитров	140.24299933212416
углич	переславль	94.68417282335916
углич	псков	596.0053116236585
углич	ростов	1150.14117044889
углич	суздаль	178.92762389031486
углич	тверь	162.82703632158103
углич	торжок	208.74457155997436
углич	чернигов	810.1442383037805
уфа	воронеж	2460.431679611094
уфа	киев	1845.624392593266
уфа	кисловодск	2857.539824216158
уфа	москва	2407.6064964126654
уфа	оренбург	3551.705337281379
уфа	петербург	3828.0767979447446
уфа	полтава	2131.1331885708773
уфа	рыбинск	2543.39622803571
уфа	самара	3196.030476374119
уфа	ялта	2183.7691041875323
харьков	белгород	70.81517710963288
харьков	валуйки	133.04471804646457
харьков	варшава	1095.4620130845185
харьков	воронеж	277.7743934106926
харьков	днепропетровск	191.66161798816518
харьков	екатеринослав	6523.233127630766
харьков	казань	1078.248610234466
харьков	кандалакша	1923.6004246911132
харьков	кемерово	3347.1092433141507
харьков	киев	413.2862841907146
харьков	кишинев	639.6681555051885
харьков	кременчуг	229.18257843995582
харьков	куйбышев	1021.3761397571507
харьков	курск	193.16108344982584
харьков	ленинград	1912.8208680423745
харьков	мариуполь	332.6281251067489
харьков	минск	739.4670507550733
харьков	москва	647.2524355040098
харьков	новочеркасск	402.18097685271977
харьков	одесса	566.6154720027321
харьков	петербург	1774.400046530909
харьков	петроград	1843.3116712962621
харьков	петрозаводск	1318.7662926528596
харьков	полтава	131.75926867083467
харьков	ростов	398.18630656375217
харьков	сальск	552.8536680239282
харьков	саратов	709.168026812284
харьков	свердловск	1775.8567395923064
харьков	ставрополь	697.2430711955127
харьков	таганрог	364.7306263426156
харьков	тверь	764.6370420183375
харьков	тифлис	1134.0200959897097
харьков	томск	3256.253628353405
харьков	тула	2621.133318418578
харьков	украина	364.70977968932004
харьков	челябинск	1786.5685795973263
чернигов	белгород	384.3060547583287
чернигов	брянск	285.6834231375356
чернигов	дмитров	676.8065629861953
чернигов	киев	128.1238182347074
чернигов	муром	843.7478125909452
чернигов	овруч	174.36007386950052
чернигов	перемышль	449.7528454156251
чернигов	переяславль	6419.211290828744
чернигов	смоленск	369.0189957430107
чернигов	суздаль	812.1956664831748
ялта	алушта	28.232855938891568
ялта	выборг	1839.4339531627897
ялта	гурзуф	10.748378660372536
ялта	киев	716.1012702875531
ялта	кисловодск	687.3243788555271
ялта	коктебель	100.44750406585854
ялта	крым	48.702647564890455
ялта	ленинград	2007.4998990247898
ялта	москва	1275.5436797470472
ялта	ницца	2145.270138671956
ялта	одесса	347.1118173293797
ялта	париж	2462.5045808238797
ялта	переделкино	1261.5642688966575
ялта	петербург	2294.028252996109
ялта	пятигорск	712.6846478525831
ялта	севастополь	51.99795951588832
ялта	симферополь	50.76640296018199
ялта	сочи	457.2487899597061
ялта	томск	3742.0386251270165
ялта	харьков	631.3777053946297
ярославль	вологда	177.3793739153245
ярославль	екатеринбург	1249.1879739540288
ярославль	иркутск	4008.510496552557
ярославль	казань	605.7472158688181
ярославль	калуга	414.1246957336216
ярославль	киев	1005.4617892736841
ярославль	кострома	63.61450422620894
ярославль	москва	251.10883614688078
ярославль	пермь	970.432711423511
ярославль	рыбинск	78.64149593721592
ярославль	рыльск	753.0087762658158
ярославль	санкт-петербург	610.1334061077115
ярославль	серпухов	338.47446368055785
ярославль	тверь	254.58374643007468
